date,timeStamp,temperature,outside temperature,humidity,pressure,gasResistance,bsec  breath_voc_equivalent ,bsec  raw_humidity,bsec bsec_status,bsec co2_equivalent,bsec gas,bsec humidity,bsec iaq,bsec iaq_accuracy,bsec pressure,bsec raw_temperature,bsec static_iaq,bsec temperature
2022-05-13,00:00:37,20.45,13.06,45.545,1019.03,1409302.8372008381,2.600374,45.054001,0.0,1340.735107,1498335.0,45.128162,147.294342,3.0,101901.0,22.51,134.07351699999998,22.445297
2022-05-13,00:05:42,20.43,12.98,45.977,1019.01,1391185.083965097,2.9912650000000003,45.977001,0.0,1433.376709,1461039.0,46.13068,158.138626,3.0,101901.0,22.43,143.337677,22.365294
2022-05-13,00:10:43,20.32,12.93,47.63,1018.97,1344277.3504937715,3.929839,47.630001,0.0,1613.910156,1403326.0,47.822613,178.968643,3.0,101897.0,22.32,161.391022,22.255295
2022-05-13,00:15:43,20.32,12.89,47.354,1018.89,1323144.61341621,4.171887,47.354,0.0,1653.449951,1377551.0,47.529781,183.991669,3.0,101889.0,22.32,165.345001,22.255295
2022-05-13,00:20:43,20.17,12.9,45.513999999999996,1018.87,1344277.3504937715,4.313524,45.513999999999996,0.0,1675.536499,1403326.0,45.703732,187.068329,3.0,101887.0,22.17,167.55365,22.105295
2022-05-13,00:25:44,20.0,12.9,46.54,1018.86,1357527.391497168,4.302819,46.540001000000004,0.0,1673.892578,1419558.0,46.716801000000004,187.459854,3.0,101886.0,22.0,167.389252,21.935292999999998
2022-05-13,00:30:44,19.94,12.9,47.544,1018.84,1359964.603218328,3.74486,47.543999,0.0,1582.014893,1422550.0,47.724991,177.508713,3.0,101884.0,21.940001,158.201492,21.875303
2022-05-13,00:35:44,19.88,12.94,45.39100000000001,1018.78,1404078.3612895852,2.998606,45.390999,0.0,1434.998535,1477024.0,45.573654,161.157059,3.0,101878.0,21.879998999999998,143.499847,21.815294
2022-05-13,00:40:45,19.82,12.94,46.613,1018.84,1417212.8598992475,2.904687,46.612999,0.0,1413.947144,1493363.0,46.810337,159.207153,3.0,101884.0,21.82,141.394714,21.755293
2022-05-13,00:45:45,19.75,12.94,47.154,1018.87,1425212.1773061291,2.824796,47.153999,0.0,1395.497437,1503341.0,47.363892,157.53514099999995,3.0,101887.0,21.75,139.549744,21.685297
2022-05-13,00:50:45,19.65,12.82,46.01300000000001,1018.86,1561051.497735355,2.572434,46.01300000000001,0.0,1333.588867,1520270.0,46.221306,150.80195600000005,3.0,101886.0,21.65,133.358887,21.585295
2022-05-13,00:55:46,19.54,12.82,45.276,1018.84,1604873.3749691006,2.354763,45.276001,0.0,1275.101196,1567034.0,45.452381,144.42511000000005,3.0,101884.0,21.540001,127.510124,21.475296
2022-05-13,01:00:46,19.53,12.82,45.99100000000001,1018.87,1616862.8203348722,2.134671,45.991001,0.0,1210.18689,1579871.0,46.200428,137.248917,3.0,101887.0,21.530001,121.018684,21.4653
2022-05-13,01:05:47,19.48,12.79,45.465,1018.76,1623794.7060659672,1.9409889999999999,45.465,0.0,1147.265259,1587302.0,45.644211,130.25766000000002,3.0,101876.0,21.48,114.726524,21.415297
2022-05-13,01:10:47,19.48,12.79,47.016999999999996,1018.72,1630786.2851089672,1.877381,47.016998,0.0,1125.223022,1594802.0,47.212879,128.034393,3.0,101872.0,21.48,112.522301,21.415297
2022-05-13,01:15:47,19.35,12.79,46.701,1018.68,1627282.9858354183,1.7688720000000002,46.701,0.0,1085.838257,1591043.0,46.914478,123.740471,3.0,101868.0,21.35,108.58382399999999,21.285295
2022-05-13,01:20:48,19.29,12.79,47.128,1018.68,1629032.7519779287,1.724732,47.127998,0.0,1069.121094,1592920.0,47.317299,122.104279,3.0,101868.0,21.290001,106.91210900000002,21.225294
2022-05-13,01:25:48,19.29,12.79,46.817,1018.66,1646739.6245757162,1.611114,46.817001,0.0,1024.040283,1611940.0,47.034485,117.08235900000001,3.0,101866.0,21.290001,102.40403,21.225296
2022-05-13,01:30:48,19.22,12.79,48.733000000000004,1018.66,1616000.493749992,1.6658389999999998,48.733002,0.0,1046.137817,1578947.0,48.905148,120.044968,3.0,101866.0,21.219999,104.613785,21.1553
2022-05-13,01:35:49,19.17,12.77,49.949,1018.7,1596417.774859651,1.680807,49.949001,0.0,1052.055298,1557992.0,50.15847,121.090073,3.0,101870.0,21.17,105.205528,21.105289000000006
2022-05-13,01:40:49,19.13,12.77,49.581,1018.68,1592223.2995562858,1.68175,49.581001,0.0,1052.426147,1553510.0,49.768372,121.475723,3.0,101868.0,21.129999,105.242615,21.0653
2022-05-13,01:45:50,19.12,12.77,48.715,1018.7,1598101.7593539075,1.6735939999999998,48.715,0.0,1049.210083,1559792.0,48.948605,121.434776,3.0,101870.0,21.120001000000002,104.92100500000001,21.055296
2022-05-13,01:50:50,19.12,12.76,49.858000000000004,1018.66,1583072.5936658068,1.679331,49.858002,0.0,1051.4741210000002,1543739.0,50.081974,122.051079,3.0,101866.0,21.120001,105.147408,21.055298
2022-05-13,01:55:50,19.04,12.75,50.285,1018.6,1577303.9810516974,1.7239389999999999,50.285,0.0,1068.81665,1537585.0,50.491993,124.502075,3.0,101860.0,21.040001,106.88166799999999,20.975296
2022-05-13,02:00:51,19.04,12.75,50.769,1018.64,1580595.17250952,1.699817,50.769001,0.0,1059.494873,1541096.0,50.958721,123.713409,3.0,101864.0,21.040001,105.949493,20.975292
2022-05-13,02:05:51,19.04,12.75,50.8,1018.58,1549872.6157356375,1.8341060000000002,50.799999,0.0,1109.795654,1508380.0,51.01501500000001,130.202698,3.0,101858.0,21.040001,110.979568,20.975294
2022-05-13,02:10:51,18.99,12.75,51.288000000000004,1018.56,1544343.0005578091,1.796407,51.287998,0.0,1096.056641,1502504.0,51.507133,128.868057,3.0,101856.0,20.99,109.605667,20.925293
2022-05-13,02:15:51,19.02,12.74,50.63399999999999,1018.58,1422535.723375339,1.7974900000000005,50.633998999999996,0.0,1096.4552,1500000.0,50.858162,129.263702,3.0,101858.0,21.02,109.645523,20.955296
2022-05-13,02:20:52,18.92,12.67,52.348,1018.52,1405380.8454278396,1.897931,52.348,0.0,1132.424683,1478642.0,52.554123,134.059174,3.0,101852.0,20.92,113.24247,20.855297
2022-05-13,02:25:52,18.92,12.67,51.657,1018.5,1402778.2891590623,1.890275,51.657001,0.0,1129.751099,1475410.0,51.871681,134.11026,3.0,101850.0,20.92,112.975105,20.855299
2022-05-13,02:30:52,18.96,12.67,52.01300000000001,1018.5,1392463.7463024012,2.025105,52.01300000000001,0.0,1175.330078,1462622.0,52.21212,140.17926,3.0,101850.0,20.959999,117.533005,20.895294
2022-05-13,02:35:53,18.88,12.67,52.78,1018.47,1378526.4431771426,2.155618,52.779999,0.0,1216.6467289999996,1445396.0,52.968102,145.747314,3.0,101847.0,20.879998999999998,121.664673,20.815294
2022-05-13,02:40:53,18.72,12.67,51.522,1018.32,1402778.2891590623,2.145416,51.521999,0.0,1213.508179,1475410.0,51.749714,145.774689,3.0,101832.0,20.719999,121.350815,20.655294
2022-05-13,02:45:53,18.68,12.67,52.767,1018.41,1373527.2555749018,2.267099,52.766998,0.0,1250.003418,1439232.0,52.976181000000004,150.77598600000005,3.0,101841.0,20.68,125.00034299999999,20.615297
2022-05-13,02:50:54,18.77,12.67,52.144,1018.32,1371041.234229185,2.248302,52.144001,0.0,1244.495605,1436170.0,52.352875,150.51083400000005,3.0,101832.0,20.77,124.449562,20.705296
2022-05-13,02:55:54,18.72,12.67,51.81100000000001,1018.28,1369801.5951947726,2.371194,51.811001,0.0,1279.701172,1434644.0,52.027576,155.40339699999996,3.0,101828.0,20.719998999999998,127.97011599999999,20.655296
2022-05-13,03:00:54,18.69,12.67,53.022,1018.26,1356312.058526187,2.592683,53.021999,0.0,1338.775635,1418067.0,53.23846800000001,163.37446599999996,3.0,101826.0,20.690001,133.87756299999998,20.625296
2022-05-13,03:05:55,18.65,12.77,51.897,1018.28,1362410.5818883658,2.637166,51.896999,0.0,1350.029297,1425554.0,52.106339,165.297333,3.0,101828.0,20.65,135.00293,20.585287
2022-05-13,03:10:55,18.63,12.77,52.777,1018.26,1351472.4096574988,2.734719,52.777,0.0,1374.058716,1412134.0,52.986263,168.858566,3.0,101826.0,20.629999,137.405869,20.565296
2022-05-13,03:15:56,18.59,12.79,51.512,1018.26,1367329.0299728895,2.629057,51.512001,0.0,1347.9921880000004,1431601.0,51.713817999999996,166.010925,3.0,101826.0,20.59,134.799225,20.525299
2022-05-13,03:20:56,18.52,12.79,51.665,1018.24,1301546.8996584627,4.270715,51.665001,0.0,1668.938232,1351351.0,51.881523,207.86319,3.0,101824.0,20.52,166.893829,20.455299
2022-05-13,03:25:56,18.45,12.79,52.4,1018.26,1224737.7731272609,6.645919,52.400002,0.0,1961.481934,1259328.0,52.62204000000001,246.324921,3.0,101826.0,20.450001,196.148193,20.385305
2022-05-13,03:30:57,18.45,12.74,52.272,1018.22,1204293.0327778205,7.494886,52.271999,0.0,2041.01001,1235133.0,52.497864,247.065903,2.0,101822.0,20.450001,204.100998,20.385305
2022-05-13,03:35:57,18.38,12.85,51.483,1018.22,1231707.8228220579,6.757567,51.483002,0.0,1972.503052,1267606.0,51.741463,239.292145,3.0,101822.0,20.379998999999998,197.250305,20.315294
2022-05-13,03:40:57,18.36,12.83,51.428999999999995,1018.24,1250000.5062948677,6.125396,51.429001,0.0,1907.527832,1289398.0,51.644981,231.957443,3.0,101824.0,20.360001,190.752777,20.295305
2022-05-13,03:45:58,18.3,12.91,52.18899999999999,1018.28,1256219.41195619,5.627391,52.188999,0.0,1851.4313960000002,1296830.0,52.393173,225.63122599999997,3.0,101828.0,20.299999,185.14314299999998,20.235295999999998
2022-05-13,03:50:58,18.34,12.91,52.54,1018.3,1267782.9336167832,5.100777,52.540001,0.0,1786.434082,1310680.0,52.755989,218.173508,3.0,101830.0,20.34,178.643402,20.275297
2022-05-13,03:55:58,18.33,12.94,52.29,1018.28,1276327.381577769,4.68004,52.277,0.0,1729.485107,1320939.0,52.483452,211.65138199999998,3.0,101828.0,20.33,172.94851699999995,20.265295000000002
2022-05-13,04:00:59,18.2,12.94,50.971000000000004,1018.24,1304910.0687382312,4.269751,50.971001,0.0,1668.78894,1355422.0,51.171799,204.607162,3.0,101824.0,20.200001,166.87889099999995,20.135294
2022-05-13,04:05:59,18.25,12.94,51.075,1018.12,1324301.2079517979,3.8211449999999996,51.075001,0.0,1595.3553470000006,1378958.0,51.276779,195.907776,3.0,101812.0,20.25,159.535538,20.185299
2022-05-13,04:11:00,17.98,12.94,51.50100000000001,1018.12,1337158.496724828,3.648113,51.500999,0.0,1564.699951,1394628.0,51.746952,192.591705,3.0,101812.0,19.98,156.470001,19.915293
2022-05-13,04:16:00,18.05,12.94,51.423,1018.14,1357527.391497168,3.341993,51.423,0.0,1506.721436,1419558.0,51.609333,185.755463,3.0,101814.0,20.049999,150.67215,19.985294
2022-05-13,04:21:00,18.12,12.94,51.489,1018.14,1353887.9091150772,3.146094,51.488998,0.0,1466.76123,1415094.0,51.69432800000001,181.19191,3.0,101814.0,20.120001,146.676117,20.055296
2022-05-13,04:26:00,18.12,12.81,51.271,1018.12,1372283.1189865477,2.8129560000000002,51.271,0.0,1392.71875,1437700.0,51.477165,172.198685,3.0,101812.0,20.120001000000002,139.271881,20.055294
2022-05-13,04:31:01,18.08,12.76,51.995,1018.1,1337158.496724828,3.353282,51.994999,0.0,1508.952393,1394628.0,52.212887,187.736481,3.0,101810.0,20.08,150.89523300000005,20.015293
2022-05-13,04:36:01,18.06,12.79,51.639,1017.95,1299314.40148741,4.645783,51.639,0.0,1724.625122,1348651.0,51.840835999999996,216.280548,3.0,101795.0,20.059998999999998,172.462509,19.995293
2022-05-13,04:41:02,18.07,12.79,51.675,1017.91,1289362.2096430666,4.946227,51.674999,0.0,1766.0802,1336634.0,51.877285,222.326645,3.0,101791.0,20.07,176.608017,20.005304
2022-05-13,04:46:02,18.02,12.74,51.882,1017.95,1290460.4734788071,4.842373,51.882,0.0,1752.042236,1337958.0,52.056919,221.15905800000002,3.0,101795.0,20.02,175.204224,19.955297
2022-05-13,04:51:02,18.09,12.74,51.08,1017.99,1299314.40148741,4.585994,51.080002,0.0,1716.056152,1348651.0,51.27763,217.10878,3.0,101799.0,20.09,171.605621,20.025297
2022-05-13,04:56:03,17.99,12.69,49.823,1017.99,1316247.2503484532,4.4722290000000005,49.823002,0.0,1699.4385989999994,1369168.0,50.025314,215.601654,3.0,101799.0,19.99,169.943863,19.925295000000002
2022-05-13,05:01:03,18.02,12.65,51.104,1017.93,1326620.4737019574,3.945457,51.104,0.0,1616.53418,1381781.0,51.264267,205.347885,3.0,101793.0,20.02,161.653412,19.955294
2022-05-13,05:06:04,18.0,12.6,50.302,1017.99,1343085.6156649922,3.5163290000000003,50.301998,0.0,1540.360596,1401869.0,50.52235,195.862991,3.0,101799.0,20.0,154.036057,19.935297
2022-05-13,05:11:04,18.01,12.6,50.754,1017.95,1340708.4738031565,3.310736,50.754002,0.0,1500.505249,1398964.0,50.965481,191.170731,3.0,101795.0,20.01,150.050522,19.945307
2022-05-13,05:16:05,17.99,12.58,52.307,1017.97,1355098.8996750696,3.105968,52.306999,0.0,1458.2696529999994,1416579.0,52.548141,186.137283,3.0,101797.0,19.99,145.826965,19.925285000000002
2022-05-13,05:21:05,17.96,12.53,50.644,1017.97,1373527.2555749018,2.949706,50.644001,0.0,1424.1213380000006,1439232.0,50.880081,182.11261,3.0,101797.0,19.959999,142.41214,19.895294
2022-05-13,05:26:05,17.96,12.53,51.192,1018.02,1367329.0299728895,2.844246,51.192001,0.0,1400.0366210000002,1431601.0,51.41373400000001,179.401093,3.0,101802.0,19.959999,140.00366200000002,19.895292
2022-05-13,05:31:06,17.91,12.53,51.872,1018.1,1373527.2555749018,2.661751,51.872002,0.0,1356.168091,1439232.0,52.054901,174.040619,3.0,101810.0,19.91,135.616806,19.845295
2022-05-13,05:36:06,17.82,12.53,51.338,1018.12,1377273.2377394864,2.582852,51.338001,0.0,1336.262451,1443850.0,51.544762,171.894241,3.0,101812.0,19.82,133.626251,19.755297
2022-05-13,05:41:06,17.85,12.52,51.61600000000001,1018.08,1386093.8319145637,2.417878,51.616001,0.0,1292.598877,1454741.0,51.813393,166.504669,3.0,101808.0,19.85,129.259888,19.785292
2022-05-13,05:46:07,17.81,12.51,51.39,1018.08,1384826.8361462092,2.428909,51.389998999999996,0.0,1295.610107,1453175.0,51.58097100000001,167.431274,3.0,101808.0,19.809998999999998,129.561005,19.745298000000002
2022-05-13,05:51:07,17.76,12.51,52.742,1018.2,1373527.2555749018,2.478823,52.742001,0.0,1309.066772,1439232.0,52.987446,169.757217,3.0,101820.0,19.76,130.906677,19.695293
2022-05-13,05:56:07,17.7,12.51,51.33,1018.26,1402778.2891590623,2.234835,51.330002,0.0,1240.521118,1475410.0,51.510368,160.84493999999995,3.0,101826.0,19.700001,124.052116,19.635296
2022-05-13,06:01:08,17.63,12.57,51.074,1018.18,1423872.6926085881,2.077854,51.074001,0.0,1192.340576,1501669.0,51.261364,154.674744,3.0,101818.0,19.629999,119.234055,19.565294
2022-05-13,06:06:08,17.68,12.6,52.75,1018.26,1410615.0368072125,2.007995,52.75,0.0,1169.717041,1485149.0,52.962761,151.993622,3.0,101826.0,19.68,116.97171000000002,19.615294
2022-05-13,06:11:08,17.61,12.6,51.695,1018.2,1419869.3030115876,1.987085,51.695,0.0,1162.792236,1496674.0,51.926727,151.488617,3.0,101820.0,19.610001,116.279221,19.545296
2022-05-13,06:16:09,17.63,12.6,52.871,1018.2,1409302.8372008381,1.977713,52.870998,0.0,1159.664673,1483516.0,53.104983999999995,151.497696,3.0,101820.0,19.629998999999998,115.96646899999999,19.565296
2022-05-13,06:21:09,17.58,12.61,51.979,1018.2,1418539.8378022397,1.948572,51.980999,0.0,1149.844727,1495017.0,52.213566,150.58154299999995,3.0,101820.0,19.58,114.984474,19.515295
2022-05-13,06:26:10,17.53,12.61,53.106,1018.2,1414566.3381433522,2.000884,53.105999,0.0,1167.370117,1490066.0,53.32044200000001,153.480835,3.0,101820.0,19.530001000000002,116.737007,19.465294
2022-05-13,06:31:10,17.55,12.61,53.33,1018.2,1410615.0368072125,1.972309,53.330002,0.0,1157.854614,1485149.0,53.557037,152.605423,3.0,101820.0,19.549999,115.785461,19.485294
2022-05-13,06:36:10,17.53,12.65,51.8,1018.32,1426554.184573795,1.8474599999999999,51.799999,0.0,1114.594971,1505017.0,52.008884,146.950897,3.0,101832.0,19.530001000000002,111.459496,19.465296
2022-05-13,06:41:11,17.52,12.65,52.178999999999995,1018.48,1414566.3381433522,1.924541,52.179001,0.0,1141.63562,1490066.0,52.388851,151.202484,3.0,101848.0,19.52,114.163567,19.455299
2022-05-13,06:46:11,17.49,12.67,52.999,1018.43,1411929.6822656717,1.936998,53.002998,0.0,1145.903564,1486784.0,53.231209,152.247894,3.0,101843.0,19.49,114.590355,19.425291
2022-05-13,06:51:11,17.45,12.73,52.047,1018.58,1425212.1773061291,1.932125,52.047001,0.0,1144.237305,1503341.0,52.254784,152.44946299999995,3.0,101858.0,19.450001,114.42373700000002,19.385298
2022-05-13,06:56:12,17.49,12.73,52.896,1018.66,1418539.8378022397,1.8810919999999998,52.901001,0.0,1126.529419,1495017.0,53.082912,150.358627,3.0,101866.0,19.49,112.65293899999999,19.425295000000002
2022-05-13,07:01:12,17.37,12.78,53.028999999999996,1018.72,1405380.8454278396,1.96488,53.028999,0.0,1155.358154,1478642.0,53.25830500000001,154.931,3.0,101872.0,19.370001,115.535812,19.305298
2022-05-13,07:06:13,17.38,12.78,52.53100000000001,1018.78,1409302.8372008381,1.982419,52.530998,0.0,1161.236694,1483516.0,52.713341,156.236176,3.0,101878.0,19.379998999999998,116.123672,19.315294
2022-05-13,07:11:13,17.29,12.85,52.65,1018.84,1406685.7482925104,1.981324,52.650002,0.0,1160.87146,1480263.0,52.873314,156.650024,3.0,101884.0,19.290001,116.087143,19.225296
2022-05-13,07:16:13,17.29,12.85,53.357,1018.93,1411929.6822656717,2.001587,53.356998,0.0,1167.602539,1486784.0,53.593575,158.091873,3.0,101893.0,19.290001,116.760254,19.225296
2022-05-13,07:21:14,17.32,12.9,53.477,1018.95,1373527.2555749018,2.444876,53.477001,0.0,1299.944458,1439232.0,53.70472,177.822098,3.0,101895.0,19.32,129.99444599999998,19.255297
2022-05-13,07:26:14,17.28,12.92,52.61600000000001,1018.97,1368564.1957973407,2.4514099999999996,52.616001000000004,0.0,1301.710205,1433121.0,52.843033,178.614349,3.0,101897.0,19.280001000000002,130.171021,19.215298
2022-05-13,07:31:14,17.08,12.92,51.828,1019.03,1393744.7612843665,2.492509,51.827999,0.0,1312.708984,1464208.0,52.087151,180.773346,3.0,101903.0,19.08,131.270905,19.015295
2022-05-13,07:36:15,17.18,13.08,53.816,1019.03,1371041.234229185,2.6207759999999998,53.81600200000001,0.0,1345.905273,1436170.0,53.995723999999996,186.214844,3.0,101903.0,19.18,134.59053,19.115294
2022-05-13,07:41:15,17.22,13.1,52.419,1019.07,1268844.7279769343,5.201723,52.418999,0.0,1799.398071,1311953.0,52.664143,249.008423,2.0,101907.0,19.219999,179.939804,19.155293
2022-05-13,07:46:15,17.09,13.1,53.854,1019.13,1221774.6990064485,7.2075369999999985,53.854,0.0,2015.148315,1255814.0,54.03336700000001,247.77075200000002,2.0,101913.0,19.09,201.514832,19.025297
2022-05-13,07:51:16,17.2,13.1,52.695,1019.19,1222760.7960436558,7.044816,52.695,0.0,2000.041992,1256983.0,52.92186,244.789444,3.0,101919.0,19.200001,200.004196,19.1353
2022-05-13,07:56:16,17.2,13.1,53.101000000000006,1019.23,1226721.153375668,6.576107,53.101002,0.0,1954.496094,1261682.0,53.293999,239.81134,3.0,101923.0,19.200001,195.449615,19.135296
2022-05-13,08:01:17,17.14,13.13,53.486000000000004,1019.25,1246914.0864487155,6.005871,53.486000000000004,0.0,1894.491699,1285714.0,53.67548000000001,232.973358,3.0,101925.0,19.139999,189.449173,19.075296
2022-05-13,08:06:17,17.17,13.25,54.264,1019.31,1248970.0033783438,5.199678,54.264,0.0,1799.137939,1288168.0,54.480701,221.596298,3.0,101931.0,19.17,179.91378799999995,19.105299
2022-05-13,08:11:17,17.2,13.27,53.24100000000001,1019.38,1283898.8124270116,4.443134,53.241001,0.0,1695.120972,1330049.0,53.459805,209.033615,3.0,101938.0,19.200001,169.5121,19.135294
2022-05-13,08:16:18,17.17,13.3,52.838,1019.36,1307161.8540757594,3.687891000000002,52.838001,0.0,1571.873901,1358149.0,53.053265,193.928452,3.0,101936.0,19.17,157.187393,19.105295
2022-05-13,08:21:18,17.15,13.33,52.431000000000004,1019.38,1323144.61341621,3.316587,52.431000000000004,0.0,1501.67334,1377551.0,52.63964100000001,185.512283,3.0,101938.0,19.15,150.167328,19.085306
2022-05-13,08:26:18,17.11,13.33,53.239,1019.42,1328947.8772268966,3.118155,53.238997999999995,0.0,1460.860352,1384615.0,53.452445999999995,180.81926,3.0,101942.0,19.110001,146.086029,19.045298000000006
2022-05-13,08:31:19,17.16,13.38,52.788000000000004,1019.4,1352679.0810382864,2.740056,52.787998,0.0,1375.348511,1413613.0,53.002731,170.324493,3.0,101940.0,19.16,137.534851,19.095295
2022-05-13,08:36:19,17.19,13.42,54.035,1019.46,1345471.2020807406,2.668687,54.035,0.0,1357.889526,1404787.0,54.224236,168.571655,3.0,101946.0,19.190001000000002,135.788956,19.125301
2022-05-13,08:41:19,17.21,13.42,53.583,1019.52,1351472.4096574988,2.491612,53.583,0.0,1312.470947,1412134.0,53.830273,163.170425,3.0,101952.0,19.209999,131.247101,19.145292
2022-05-13,08:46:20,17.23,13.53,54.486,1019.62,1344277.3504937715,2.431247,54.486,0.0,1296.246582,1403326.0,54.685902,161.50993300000005,3.0,101962.0,19.23,129.624664,19.165293
2022-05-13,08:51:20,17.12,13.71,52.31800000000001,1019.62,1387363.1481880536,2.169788,52.318001,0.0,1220.980957,1456311.0,52.560497,152.124573,3.0,101962.0,19.120001,122.098099,19.055292
2022-05-13,08:56:21,17.17,13.78,53.37300000000001,1019.66,1378526.4431771426,2.128518,53.373001,0.0,1208.2771,1445396.0,53.559704,150.90335100000001,3.0,101966.0,19.17,120.82771299999999,19.105295
2022-05-13,09:01:21,17.15,13.79,53.163000000000004,1019.66,1398892.477999263,2.000198,53.162998,0.0,1167.143066,1470588.0,53.36696600000001,145.928925,3.0,101966.0,19.15,116.71431,19.085295
2022-05-13,09:06:21,17.0,13.88,53.224,1019.8,1414566.3381433522,1.9689290000000002,53.223999,0.0,1156.719849,1490066.0,53.483189,144.962402,3.0,101980.0,19.0,115.671982,18.935292999999998
2022-05-13,09:11:22,17.05,13.88,52.265,1019.81,1401480.6223424478,2.099139,52.264999,0.0,1199.082764,1473799.0,52.546364,151.002319,3.0,101981.0,19.049999,119.908272,18.985292
2022-05-13,09:16:22,17.07,13.99,53.09,1019.87,1352679.0810382864,2.753225,53.09,0.0,1378.520264,1413613.0,53.288914,175.351776,3.0,101987.0,19.07,137.85201999999998,19.005295
2022-05-13,09:21:23,17.21,14.04,53.01600000000001,1019.93,1333627.2695259382,2.92858,53.015999,0.0,1419.366455,1390319.0,53.177853000000006,181.322983,3.0,101993.0,19.209999,141.936646,19.145292
2022-05-13,09:26:23,17.29,14.03,51.88,1019.99,1338339.731736112,2.736069,51.880001,0.0,1374.385376,1396070.0,52.16861,175.806793,3.0,101999.0,19.290001,137.438538,19.225298000000002
2022-05-13,09:31:23,17.3,14.03,52.82899999999999,1019.97,1337158.496724828,2.591186,52.828999,0.0,1338.393677,1394628.0,53.042709,171.492325,3.0,101997.0,19.299999,133.839371,19.235292
2022-05-13,09:36:24,17.38,14.12,54.175,1019.99,1339523.0555803634,2.451349,54.174999,0.0,1301.6936039999996,1397516.0,54.36557,167.06213400000001,3.0,101999.0,19.379998999999998,130.16935700000002,19.315294
2022-05-13,09:41:24,17.54,14.12,53.53,1020.09,1343085.6156649922,2.270954,53.529999,0.0,1251.127075,1401869.0,53.748833,160.682541,3.0,102009.0,19.540001,125.112709,19.475294
2022-05-13,09:46:24,17.33,14.16,52.968,1020.15,1376022.3087877021,2.209177,52.967999,0.0,1232.882202,1442308.0,53.18474200000001,158.66038500000005,3.0,102015.0,19.33,123.288223,19.265293
2022-05-13,09:51:25,17.55,14.18,51.17100000000001,1020.19,1392463.7463024012,1.841472,51.171001,0.0,1112.447266,1462622.0,51.411713,142.698853,3.0,102019.0,19.549999,111.24472,19.485294
2022-05-13,09:56:25,17.72,14.29,53.948,1020.22,1372283.1189865477,1.8198580000000002,53.948002,0.0,1104.6365970000004,1437700.0,54.133109999999995,142.02586399999996,3.0,102022.0,19.719998999999998,110.46366100000002,19.655296
2022-05-13,10:01:25,17.93,14.4,52.395,1020.17,1386093.8319145637,1.59267,52.395,0.0,1016.423462,1454741.0,52.603279,130.306152,3.0,102017.0,19.93,101.642349,19.865294
2022-05-13,10:06:26,18.07,14.4,52.026,1020.15,1398892.477999263,1.481316,52.026001,0.0,968.475342,1470588.0,52.211529,124.07948300000001,3.0,102015.0,20.07,96.847534,20.005299
2022-05-13,10:11:26,18.19,14.49,51.898999999999994,1020.2,1395028.1354100106,1.384579,51.898998,0.0,923.798584,1465798.0,52.068775,118.237625,3.0,102020.0,20.190001,92.37986,20.125298
2022-05-13,10:16:27,18.36,14.49,52.877,1020.24,1389908.767797285,1.381697,52.876999,0.0,922.420288,1459459.0,53.08569,118.364746,3.0,102024.0,20.360001,92.24202700000001,20.295298000000006
2022-05-13,10:21:27,18.32,14.66,51.597,1020.24,1387363.1481880536,1.474774,51.597,0.0,965.547119,1456311.0,51.79488,124.697151,3.0,102024.0,20.32,96.55471,20.255293
2022-05-13,10:26:27,18.48,14.66,51.417,1020.24,1352679.0810382864,1.779561,51.417,0.0,1089.82373,1413613.0,51.590443,142.415497,3.0,102024.0,20.48,108.982376,20.415297
2022-05-13,10:31:28,18.58,14.79,51.93600000000001,1020.32,1333627.2695259382,1.864934,51.936001,0.0,1120.822388,1390319.0,52.113182,147.171722,3.0,102032.0,20.58,112.082237,20.515293
2022-05-13,10:36:28,18.67,14.83,52.844,1020.34,1346667.1760705886,1.7687979999999999,52.844002,0.0,1085.810547,1406250.0,53.051376,142.665878,3.0,102034.0,20.67,108.581055,20.605291
2022-05-13,10:41:28,18.69,14.83,51.1,1020.42,1366096.0916792927,1.569504,51.099998,0.0,1006.730957,1430085.0,51.304596,131.90325900000002,3.0,102042.0,20.690001,100.673096,20.625299
2022-05-13,10:46:29,18.69,14.83,50.71100000000001,1020.46,1379781.9313205776,1.439634,50.710999,0.0,949.593872,1446945.0,50.906837,124.17414099999999,3.0,102046.0,20.690001000000002,94.959389,20.625298
2022-05-13,10:51:29,18.71,14.93,51.718999999999994,1020.48,1377273.2377394864,1.34943,51.719002,0.0,906.788208,1443850.0,51.902187,118.43187,3.0,102048.0,20.709999,90.678818,20.645296
2022-05-13,10:56:30,18.79,15.04,51.207,1020.54,1391185.083965097,1.274354,51.207001,0.0,868.920044,1461039.0,51.374931,113.35723899999999,3.0,102054.0,20.790001,86.89200600000002,20.725296
2022-05-13,11:01:31,18.69,15.04,51.503,1020.67,1409302.8372008381,1.229584,51.502998,0.0,845.261536,1483516.0,51.677769,110.279251,3.0,102067.0,20.690001,84.526154,20.625294
2022-05-13,11:06:31,18.7,15.2,49.969,1020.73,1422535.723375339,1.134941,49.969002,0.0,792.276001,1500000.0,50.164253,102.961502,3.0,102073.0,20.700001,79.2276,20.635294000000002
2022-05-13,11:11:32,18.61,15.24,52.547,1020.75,1404078.3612895852,1.17155,52.547001,0.0,813.277588,1477024.0,52.758133,106.257324,3.0,102075.0,20.610001,81.327759,20.545298000000006
2022-05-13,11:16:32,18.87,15.32,50.651,1020.75,1417212.8598992475,1.0434620000000001,50.651001,0.0,736.68335,1493363.0,50.836784,95.444,3.0,102075.0,20.870001000000002,73.668335,20.805296
2022-05-13,11:21:33,18.86,15.33,51.949,1020.87,1404078.3612895852,1.089275,51.949001,0.0,765.108032,1477024.0,52.151035,99.824448,3.0,102087.0,20.860001,76.51080300000002,20.795298000000006
2022-05-13,11:26:33,18.87,15.33,50.098,1020.79,1422535.723375339,1.023684,50.098,0.0,724.023743,1500000.0,50.300701000000004,94.103516,3.0,102079.0,20.870001000000002,72.402374,20.805294
2022-05-13,11:31:33,19.01,15.34,52.167,1020.85,1406685.7482925104,0.9908,52.167,0.0,702.424438,1480263.0,52.3731,91.192146,3.0,102085.0,21.01,70.242447,20.945293
2022-05-13,11:36:34,18.87,15.43,51.81800000000001,1020.81,1422535.723375339,1.025415,51.818001,0.0,725.1419070000003,1500000.0,52.002441,94.764946,3.0,102081.0,20.870001000000002,72.514191,20.805298
2022-05-13,11:41:34,18.98,15.45,51.645,1020.81,1423872.6926085881,0.984766,51.645,0.0,698.383484,1501669.0,51.866974,91.074699,3.0,102081.0,20.98,69.838348,20.915295
2022-05-13,11:46:34,18.92,15.45,50.904,1020.85,1552254.591360586,1.012558,50.903999,0.0,716.794434,1510912.0,51.107449,94.03454599999999,3.0,102085.0,20.92,71.679443,20.855297
2022-05-13,11:51:35,19.02,15.62,51.048,1020.89,1549080.2475659458,0.991098,51.048,0.0,702.623657,1507538.0,51.256489,92.18203,3.0,102089.0,21.02,70.262367,20.955297
2022-05-13,11:56:35,18.81,15.62,49.14,1020.98,1593060.4303791584,0.953435,49.139998999999996,0.0,676.994507,1554404.0,49.343146999999995,88.60719300000002,3.0,102098.0,20.809998999999998,67.699448,20.745291
2022-05-13,12:01:35,18.92,15.61,51.093999999999994,1020.89,1563467.985386001,0.923356,51.094002,0.0,662.315247,1522843.0,51.345634,85.662949,3.0,102089.0,20.92,65.578812,20.855289000000006
2022-05-13,12:06:36,18.91,15.66,47.4,1020.98,1622056.168343704,0.837642,47.400002,0.0,636.535522,1585437.0,47.690056,76.202339,3.0,102098.0,20.91,59.13387700000001,20.845291
2022-05-13,12:11:36,18.8,15.66,49.998999999999995,1020.98,1584728.5268446074,0.8627239999999999,49.999001,0.0,644.342712,1545507.0,50.225468,79.316147,3.0,102098.0,20.799999,61.085678,20.735292
2022-05-13,12:16:36,18.8,15.74,49.14,1020.87,1603175.0967671082,0.8297450000000001,49.139998999999996,0.0,634.029053,1565217.0,49.35171500000001,75.60395799999998,3.0,102087.0,20.799999,58.507259,20.735301999999997
2022-05-13,12:21:37,19.08,15.95,50.839,1020.83,1582245.9241520248,0.8155100000000001,50.839001,0.0,629.4500730000002,1542857.0,50.980072,74.03984799999998,3.0,102083.0,21.08,57.362526,21.015297
2022-05-13,12:26:37,19.03,15.95,50.922,1021.04,1597259.3232521347,0.749603,49.773998,0.0,607.151062,1573427.0,49.878677,65.73988299999999,3.0,102098.0,21.18,51.787766,21.115303
2022-05-13,12:31:47,19.05,16.08,49.434,1020.98,1614278.5970850757,0.773323,49.433998,0.0,615.3944700000002,1577103.0,49.639599,69.02879300000001,3.0,102098.0,21.049999,53.848618,20.985304
2022-05-13,12:36:48,18.92,16.21,50.35,1021.0,1608280.7484318719,0.800722,50.349998,0.0,624.607666,1570681.0,50.504601,72.71106,3.0,102100.0,20.92,56.151924,20.855295
2022-05-13,12:41:48,19.11,16.21,47.358999999999995,1020.98,1644951.6341828194,0.6767479999999999,47.359001,0.0,580.095947,1610018.0,47.546963,55.774857,3.0,102098.0,21.110001,45.023979,21.045282
2022-05-13,12:46:49,19.25,16.27,48.862,1021.04,1625536.9745559362,0.678006,48.862,0.0,580.587463,1589170.0,49.052681,56.075348,3.0,102104.0,21.25,45.14687,21.185303
2022-05-13,12:51:49,19.18,16.27,50.206,1021.04,1610845.7887421187,0.726021,50.206001,0.0,598.692871,1573427.0,50.387669,63.190296,3.0,102104.0,21.18,49.673218,21.115295
2022-05-13,12:56:49,19.39,16.26,48.214,1021.0,1616000.493749992,0.652296,48.214001,0.0,570.35791,1578947.0,48.404633000000004,52.320145000000004,3.0,102100.0,21.389999,42.589484999999996,21.325294
2022-05-13,13:01:50,19.45,16.27,50.795,1021.05,1580595.17250952,0.736133,50.794998,0.0,602.352905,1541096.0,50.976147,64.884232,3.0,102105.0,21.450001,50.588226,21.385303
2022-05-13,13:06:50,19.38,16.57,49.967,1020.98,1589717.177586113,0.700972,49.966999,0.0,589.402161,1550833.0,50.187016,59.959114,3.0,102098.0,21.379998999999998,47.350536,21.315292000000003
2022-05-13,13:11:50,19.52,16.57,48.685,1020.89,1591387.0480725272,0.660026,48.685001,0.0,573.475525,1552616.0,48.93072100000001,53.831474,3.0,102089.0,21.52,43.368881,21.455294
2022-05-13,13:16:51,19.34,16.56,49.625,1020.89,1605723.8640527911,0.747092,49.625,0.0,606.263184,1567944.0,49.808258,66.841492,3.0,102089.0,21.34,51.565792,21.275295
2022-05-13,13:21:51,19.29,16.64,50.045,1021.07,1608280.7484318719,0.765628,50.044998,0.0,612.748535,1570681.0,50.278324,69.548576,3.0,102107.0,21.290001,53.187126,21.225294
2022-05-13,13:26:52,19.57,16.7,50.803,1021.11,1570762.5460864084,0.741772,50.803001,0.0,604.372253,1530612.0,50.993431,66.381393,3.0,102111.0,21.57,51.093063,21.505292999999998
2022-05-13,13:31:52,19.55,16.71,50.132,1021.19,1587218.9323744846,0.729376,50.132,0.0,599.912842,1548165.0,50.331837,64.749207,3.0,102119.0,21.549999,49.978218,21.485298
2022-05-13,13:36:52,19.41,16.74,48.976000000000006,1021.11,1607427.5493472726,0.728053,48.976002,0.0,599.4323730000001,1569767.0,49.171143,64.69574,3.0,102111.0,21.41,49.858101,21.345295
2022-05-13,13:41:53,19.5,16.74,46.15600000000001,1021.17,1660274.466921846,0.615099,46.155998,0.0,554.821045,1626506.0,46.371017,46.960285,3.0,102117.0,21.5,38.705254,21.435301000000006
2022-05-13,13:46:53,19.62,16.71,49.895,1021.21,1609989.8666832119,0.678767,49.895,0.0,580.884155,1572510.0,50.066722999999996,57.513884999999995,3.0,102121.0,21.620001000000002,45.221046,21.555298
2022-05-13,13:51:53,19.68,16.71,49.345,1021.19,1616000.493749992,0.625898,49.345001,0.0,559.426514,1578947.0,49.523335,48.973667,3.0,102119.0,21.68,39.856628,21.615294
2022-05-13,13:56:54,19.67,16.66,47.71,1021.25,1646739.6245757162,0.597851,47.709998999999996,0.0,547.294983,1611940.0,47.885684999999995,44.148018,3.0,102125.0,21.67,36.823746,21.605297
2022-05-13,14:01:54,19.68,16.63,49.239,1021.19,1636069.6084739175,0.611941,49.238998,0.0,553.45929,1600474.0,49.420582,46.721607,3.0,102119.0,21.68,38.364822,21.615295
2022-05-13,14:06:54,19.62,16.63,47.433,1021.15,1672185.9249425374,0.577572,47.432999,0.0,538.163696,1639344.0,47.610640999999994,40.561638,3.0,102115.0,21.620001000000002,34.540924,21.555296
2022-05-13,14:11:55,19.59,16.68,48.44600000000001,1021.17,1655738.1991770125,0.579498,48.445999,0.0,539.0449219999998,1621622.0,48.61597800000001,40.97681400000001,3.0,102117.0,21.59,34.761234,21.525295
2022-05-13,14:16:55,19.73,16.68,48.995,1021.15,1641387.2763033463,0.5607,48.994999,0.0,530.318848,1606187.0,49.178020000000004,37.44828,3.0,102115.0,21.73,32.579708000000004,21.665306
2022-05-13,14:21:55,19.83,16.68,49.175,1021.23,1644059.094214604,0.533838,49.174999,0.0,517.3281860000002,1609058.0,49.361034,32.137848,3.0,102123.0,21.83,29.332052,21.765301
2022-05-13,14:26:56,19.82,16.78,48.459,1021.21,1652126.9936661548,0.545863,48.459,0.0,523.222351,1617735.0,48.652073,34.523426,3.0,102121.0,21.82,30.805593,21.755295
2022-05-13,14:31:56,19.75,16.78,48.117,1021.29,1680532.9405161443,0.557817,48.117001,0.0,528.954895,1648352.0,48.304321,36.914417,3.0,102129.0,21.75,32.238724,21.68530100000001
2022-05-13,14:36:56,19.88,16.78,47.768,1021.29,1675885.450281404,0.5276390000000001,47.768002,0.0,514.237183,1643335.0,47.982642999999996,30.836046000000003,2.0,102129.0,21.879998999999998,28.559303000000003,21.815302
2022-05-13,14:41:57,19.73,16.78,44.831,1021.25,1745392.2005932927,0.5426479999999999,44.831001,0.0,521.65918,1718651.0,45.0266,33.842388,2.0,102125.0,21.73,30.41478900000001,21.665302
2022-05-13,14:46:57,19.81,16.85,47.187,1021.27,1695579.6777894788,0.579954,47.187,0.0,539.2530519999998,1664612.0,47.388313000000004,40.60722,3.0,102127.0,21.809998999999998,34.813266999999996,21.745295000000002
2022-05-13,14:51:58,19.64,16.89,46.12,1021.21,1751445.5823206303,0.613556,46.119999,0.0,554.156738,1725240.0,46.28273400000001,46.305832,3.0,102121.0,21.639999,38.539188,21.575294
2022-05-13,14:56:58,19.67,16.91,42.359,1021.17,1826401.9434612282,0.523277,42.359001,0.0,512.040771,1807229.0,42.580154,29.692821999999996,2.0,102117.0,21.67,28.010184999999996,21.605295
2022-05-13,15:01:58,19.76,16.87,47.257,1021.23,1754488.0463274692,0.556866,47.257,0.0,528.5031740000002,1728553.0,47.435387,36.147728,3.0,102123.0,21.76,32.125801,21.695293
2022-05-13,15:06:59,19.71,16.99,46.021,1021.23,1796088.2260089363,0.601011,46.021,0.0,548.689941,1773982.0,46.134377,43.445029999999996,3.0,102123.0,21.709999,37.172482,21.645292
2022-05-13,15:11:59,19.9,17.08,44.833,1021.09,1790780.638070391,0.489489,44.833,0.0,494.378174,1768173.0,45.011311,22.897049,2.0,102109.0,21.9,23.594545,21.835297
2022-05-13,15:16:59,20.01,17.15,46.64100000000001,1021.11,1759582.3772723612,0.541758,46.640999,0.0,521.225159,1734104.0,46.845512,32.730396,3.0,102111.0,22.01,30.306293,21.945301
2022-05-13,15:22:00,19.93,17.24,45.507,1021.02,1781305.6107148419,0.612387,45.507,0.0,553.651917,1757812.0,45.727932,44.12685,3.0,102102.0,21.93,38.412979,21.865295
2022-05-13,15:27:00,20.0,17.27,43.24800000000001,1021.07,1829710.6417893425,0.5768909999999999,43.248001,0.0,537.851501,1810865.0,43.421436,38.541332000000004,3.0,102107.0,22.0,34.462875,21.935295
2022-05-13,15:32:01,20.01,17.21,44.178999999999995,1021.19,1805721.5930101688,0.522717,44.179001,0.0,511.757324,1784534.0,44.386845,29.220747,3.0,102119.0,22.01,27.939331,21.945299
2022-05-13,15:37:01,19.91,17.17,45.562,1021.09,1807876.391489751,0.608245,45.562,0.0,551.8562009999998,1786896.0,45.779971999999994,43.680077000000004,3.0,102109.0,21.91,37.964054,21.845297
2022-05-13,15:42:02,19.98,17.17,46.044,1021.07,1798220.0809152138,0.552207,46.043999,0.0,526.2801509999998,1776316.0,46.198311,34.499592,3.0,102107.0,21.98,31.57004,21.915297
2022-05-13,15:47:02,20.08,17.16,43.187,1021.05,1835251.8597651448,0.5181439999999999,43.187,0.0,509.432434,1816958.0,43.368065,28.420918,3.0,102105.0,22.08,27.358107,22.015297
2022-05-13,15:52:03,20.0,17.18,44.425,1020.89,1834140.9327714,0.571758,44.766998,0.0,535.486755,1832994.0,44.244183,37.586739,3.0,102083.0,22.32,33.871685,22.255295
2022-05-13,15:57:04,20.07,17.18,45.078,1021.17,1833031.3499119729,0.589964,45.077999,0.0,543.781067,1814516.0,45.266476000000004,40.521491999999995,3.0,102117.0,22.07,35.94527100000001,22.005292999999998
2022-05-13,16:02:05,19.93,17.16,42.81399999999999,1021.15,1878487.7884635527,0.58223,42.813999,0.0,540.289307,1864641.0,43.026714,39.325104,3.0,102115.0,21.93,35.072327,21.865292
2022-05-13,16:07:05,20.18,17.26,43.702,1021.11,1837477.755937043,0.487833,43.554001,0.0,493.481445,1850583.0,43.360649,22.684006,2.0,102107.0,22.360001,23.370359,22.295296
2022-05-13,16:12:06,20.21,17.25,44.708999999999996,1021.0,1817636.969366941,0.52767,44.708999999999996,0.0,514.252686,1797603.0,44.878483,30.04409,3.0,102100.0,22.209999,28.563177000000003,22.145294
2022-05-13,16:17:07,20.02,17.18,45.82,1021.07,1819820.3165173102,0.639782,45.82,0.0,565.232117,1800000.0,45.955338,48.086952000000004,3.0,102107.0,22.02,41.308025,21.955296
2022-05-13,16:22:07,20.02,17.16,42.835,1021.02,1890206.3619147441,0.5920949999999999,42.834999,0.0,544.735413,1877608.0,42.98011,40.887924,3.0,102102.0,22.02,36.183849,21.955296
2022-05-13,16:27:08,20.23,17.16,45.422,1020.98,1824202.784548504,0.5110100000000001,45.422001,0.0,505.76351900000003,1804813.0,45.564045,27.049936,2.0,102098.0,22.23,26.440882000000002,22.165302
2022-05-13,16:32:08,20.39,17.25,46.431000000000004,1020.83,1779213.649302469,0.55303,46.431000000000004,0.0,526.674316,1755527.0,46.578156,34.322315,3.0,102083.0,22.389999,31.668571000000004,22.325294
2022-05-13,16:37:09,20.46,17.25,43.589,1020.71,1816547.259233475,0.591595,43.589001,0.0,544.5117799999998,1796407.0,43.780602,40.541527,3.0,102071.0,22.459999,36.127941,22.3953
2022-05-13,16:42:09,20.7,17.31,44.458,1020.75,1774005.179802784,0.558172,44.458,0.0,529.1231690000002,1749838.0,44.592571,35.204388,3.0,102075.0,22.700001,32.280792,22.635296
2022-05-13,16:47:09,20.81,17.36,46.845,1020.69,1737385.8165055162,0.628012,46.845001,0.0,560.318848,1709943.0,47.006797999999996,46.20829000000001,3.0,102069.0,22.809998999999998,40.079708000000004,22.745295000000002
2022-05-13,16:52:10,20.72,17.45,44.68899999999999,1020.69,1756522.2348229669,0.6389630000000001,44.688999,0.0,564.893311,1730769.0,44.897659,47.896,3.0,102069.0,22.719999,41.223335,22.655296
2022-05-13,16:57:10,20.82,17.45,44.232,1020.73,1762653.2008474232,0.671086,44.231998,0.0,577.872925,1737452.0,44.38074500000001,52.571243,3.0,102073.0,22.82,44.468224,22.755287
2022-05-13,17:02:10,20.74,17.45,44.817,1020.71,1771930.3204911316,0.6456109999999999,44.959999,0.0,567.632263,1756669.0,44.934093,49.030579,3.0,102069.0,22.860001,41.90807,22.795294
2022-05-13,17:07:16,20.84,17.38,43.553,1020.75,1785504.3264313969,0.625301,43.553001,0.0,559.174072,1762402.0,43.746151,46.099052,3.0,102075.0,22.84,39.793521999999996,22.775299
2022-05-13,17:12:16,20.75,17.38,44.214,1020.77,1771930.3204911316,0.687392,44.214001,0.0,584.225342,1747573.0,44.366261,55.136425,3.0,102077.0,22.75,46.056343,22.685299
2022-05-13,17:17:17,20.76,17.22,45.325,1020.79,1757541.0989563288,0.637351,45.325001,0.0,564.224609,1731879.0,45.517838,48.061226,3.0,102079.0,22.76,41.05616,22.695295
2022-05-13,17:22:17,20.7,17.22,45.637,1020.67,1765734.7615680431,0.677933,45.637001,0.0,580.558716,1740812.0,45.831841,54.028885,3.0,102067.0,22.700001,45.139671,22.635296
2022-05-13,17:27:17,20.74,17.33,43.967,1020.73,1768827.115846546,0.6267,43.966999,0.0,559.765259,1744186.0,44.141308,46.61335,3.0,102073.0,22.74,39.941322,22.675299
2022-05-13,17:32:18,20.84,17.37,43.028999999999996,1020.73,1786557.0999329062,0.568747,43.028999,0.0,534.0896,1763553.0,43.232861,37.372051,3.0,102073.0,22.84,33.5224,22.775297
2022-05-13,17:37:18,20.86,17.32,44.898,1020.62,1746398.190063779,0.637916,44.897999,0.0,564.459351,1719745.0,45.071671,48.477416999999996,3.0,102062.0,22.860001,41.114838,22.79529800000001
2022-05-13,17:42:19,20.74,17.37,43.96100000000001,1020.62,1776084.9039663675,0.641911,43.960999,0.0,566.111145,1752109.0,44.141674,49.165123,3.0,102062.0,22.74,41.527786,22.675295
2022-05-13,17:47:19,20.75,17.28,43.55,1020.62,1791839.6446761796,0.6395029999999999,43.549999,0.0,565.116943,1769332.0,43.697235,48.885418,3.0,102062.0,22.75,41.279243,22.685292999999998
2022-05-13,17:52:19,20.79,17.28,42.942,1020.66,1804646.118843504,0.611854,42.942001,0.0,553.4216309999998,1783355.0,43.110142,44.66597,3.0,102066.0,22.790001,38.355412,22.725298
2022-05-13,17:57:20,20.72,17.15,43.179,1020.64,1801427.3691676657,0.598136,43.179001,0.0,547.421204,1779829.0,43.376366,42.519051,3.0,102064.0,22.719998999999998,36.855301000000004,22.655294
2022-05-13,18:02:20,20.97,17.09,43.50899999999999,1020.67,1788666.3757677563,0.596486,43.508999,0.0,546.6905519999998,1765860.0,43.650757,42.311165,3.0,102067.0,22.969999,36.67263,22.905281
2022-05-13,18:07:21,20.94,17.09,44.538,1020.67,1757541.0989563288,0.565653,44.537997999999995,0.0,532.645935,1731879.0,44.751945,37.147465000000004,3.0,102067.0,22.940001000000002,33.161484,22.875296
2022-05-13,18:12:21,20.88,17.03,43.104,1020.6,1763679.191960437,0.657051,43.104,0.0,572.279846,1738571.0,43.275375,51.988426,3.0,102060.0,22.879999,43.069962,22.815294
2022-05-13,18:17:21,20.8,17.03,42.78100000000001,1020.66,1792899.9045442462,0.672469,42.780998,0.0,578.417603,1770492.0,42.975452000000004,54.379387,3.0,102066.0,22.799999,44.604393,22.735295999999998
2022-05-13,18:22:22,20.86,16.95,46.273999999999994,1020.64,1729452.550081916,0.740718,46.273998,0.0,603.99585,1701323.0,46.438564,64.095398,3.0,102064.0,22.860001,50.998962,22.795296
2022-05-13,18:27:22,21.29,16.92,44.524,1020.71,1706081.5760305692,0.600101,44.523998,0.0,548.289185,1675978.0,44.631321,43.214779,3.0,102071.0,23.290001,37.07228900000001,23.225298000000002
2022-05-13,18:32:22,21.0,16.96,45.32,1020.83,1735395.6843785148,0.694381,45.32,0.0,586.9023440000002,1707780.0,45.500393,57.893795,3.0,102083.0,23.0,46.725582,22.935295
2022-05-13,18:37:23,20.84,16.74,46.997,1020.67,1705121.4853691566,0.7172890000000001,46.997002,0.0,595.49115,1674938.0,47.167931,61.271384999999995,3.0,102067.0,22.84,48.872787,22.775307
2022-05-13,18:42:23,21.09,16.74,42.763999999999996,1020.62,1750433.771163381,0.604779,42.763999999999996,0.0,550.343933,1724138.0,42.962059,44.187195,3.0,102062.0,23.09,37.585979,23.025295
2022-05-13,18:47:24,20.97,16.76,44.097,1020.69,1749423.128379313,0.720453,44.097,0.0,596.655823,1723038.0,44.280712,61.963997,3.0,102069.0,22.969998999999998,49.163956,22.905298000000002
2022-05-13,18:52:24,21.07,16.67,45.161,1020.73,1736390.1802035738,0.708272,45.160999,0.0,592.143311,1708861.0,45.327835,60.36084399999999,3.0,102073.0,23.07,48.035828,23.005293
2022-05-13,18:57:24,21.0,16.67,44.937,1020.77,1741379.8058089125,0.738947,44.937,0.0,603.3625490000003,1714286.0,45.086609,64.804947,3.0,102077.0,23.0,50.840645,22.935295
2022-05-13,19:02:25,21.01,16.67,42.394,1020.77,1776084.9039663675,0.632934,42.394001,0.0,562.3846440000002,1752109.0,42.593185,49.107113,3.0,102077.0,23.01,40.596165,22.945295
2022-05-13,19:07:25,20.89,16.66,42.683,1020.79,1766764.3442461703,0.635939,42.682999,0.0,563.637878,1741935.0,42.870476000000004,49.67707100000001,3.0,102079.0,22.889999,40.909473,22.825298
2022-05-13,19:12:25,20.73,16.66,41.118,1020.71,1800357.0026187452,0.640339,41.118,0.0,565.462402,1778656.0,41.329147,50.473892,3.0,102071.0,22.73,41.365593,22.665295
2022-05-13,19:17:26,20.82,16.57,42.708,1020.66,1791839.6446761796,0.645077,42.708,0.0,567.413086,1769332.0,42.848521999999996,51.324314,3.0,102066.0,22.82,41.853271,22.755301
2022-05-13,19:22:26,20.74,16.36,42.368,1020.75,1800357.0026187452,0.65096,42.368,0.0,569.81543,1778656.0,42.54935800000001,52.357151,3.0,102075.0,22.74,42.453865,22.675293
2022-05-13,19:27:27,20.69,16.3,43.467,1020.75,1801427.3691676657,0.718677,43.466999,0.0,596.002625,1779829.0,43.597522999999995,62.749439,3.0,102075.0,22.690001000000002,49.000656,22.625296
2022-05-13,19:32:27,20.52,16.3,40.039,1020.73,1868064.6158900254,0.668816,40.039001,0.0,576.976135,1853123.0,40.218742,55.37305500000001,3.0,102073.0,22.52,44.244034,22.455299
2022-05-13,19:37:27,20.59,16.15,43.731,1020.69,1811118.2490948928,0.691928,43.730999,0.0,585.9656980000002,1790451.0,43.876022,59.037777,3.0,102069.0,22.59,46.491432,22.525297
2022-05-13,19:42:28,20.64,16.06,44.073,1020.67,1800357.0026187452,0.677207,44.073002,0.0,580.2752690000002,1778656.0,44.216953,56.89551899999999,3.0,102067.0,22.639999,45.068817,22.575294
2022-05-13,19:47:28,20.8,15.97,44.545,1020.73,1791839.6446761796,0.643432,44.544998,0.0,566.737732,1769332.0,44.674572,51.611282,3.0,102073.0,22.799999,41.684437,22.735294
2022-05-13,19:52:29,20.76,15.9,41.916000000000004,1020.77,1837477.755937043,0.605954,41.916000000000004,0.0,550.857605,1819407.0,42.076656,45.350563,3.0,102077.0,22.76,37.714401,22.695293
2022-05-13,19:57:29,20.48,15.84,41.137,1020.79,1846435.5976926,0.658565,41.137001,0.0,572.8887940000002,1829268.0,41.304127,54.27000400000001,3.0,102079.0,22.48,43.222190999999995,22.415293
2022-05-13,20:02:30,20.62,15.84,43.477,1020.75,1812201.453510056,0.6382359999999999,43.360001,0.0,564.592163,1831750.0,43.342369,51.029076,3.0,102077.0,22.709999,41.148048,22.645292
2022-05-13,20:07:31,20.49,15.6,42.133,1020.73,1843066.1905174758,0.6375430000000001,42.132999,0.0,564.304321,1825558.0,42.339725,51.002998,3.0,102073.0,22.49,41.076088,22.425304
2022-05-13,20:12:32,20.58,15.53,42.193999999999996,1020.69,1830816.2068500845,0.648698,42.193999999999996,0.0,568.894348,1812081.0,42.358799,52.952625,3.0,102069.0,22.58,42.223591,22.515295
2022-05-13,20:17:33,20.84,15.46,44.369,1020.77,1781305.6107148419,0.653569,44.368999,0.0,570.8738400000002,1757812.0,44.545464,53.852531000000006,3.0,102077.0,22.84,42.71846,22.775292999999998
2022-05-13,20:22:33,20.75,15.46,44.965,1020.69,1759582.3772723612,0.714032,44.965,0.0,594.286621,1734104.0,45.151443,63.516823,3.0,102069.0,22.75,48.571659,22.685293
2022-05-13,20:27:33,20.88,15.42,42.39,1020.69,1783402.4972866029,0.6718729999999999,42.389998999999996,0.0,578.182861,1760104.0,42.566376,57.045876,3.0,102069.0,22.879998999999998,44.545715,22.815298000000002
2022-05-13,20:32:34,20.73,15.42,43.041000000000004,1020.69,1788666.3757677563,0.6692020000000001,43.041000000000004,0.0,577.1289059999998,1765860.0,43.238937,56.719818,3.0,102069.0,22.73,44.28223,22.665281
2022-05-13,20:37:34,20.54,15.19,42.256,1020.64,1811118.2490948928,0.658278,42.256001,0.0,572.773621,1790451.0,42.415951,55.03234499999999,3.0,102064.0,22.540001,43.193405,22.475285999999997
2022-05-13,20:42:35,20.39,15.15,42.44,1020.6,1830816.2068500845,0.67655,42.439999,0.0,580.018433,1812081.0,42.661278,58.132347,3.0,102060.0,22.389999,45.00460800000001,22.325283
2022-05-13,20:47:35,20.3,15.06,42.153,1020.66,1836364.1333370903,0.7014060000000001,42.153,0.0,589.565979,1818182.0,42.306812,62.208866,3.0,102066.0,22.299999,47.391498999999996,22.235285
2022-05-13,20:52:35,20.2,15.02,42.494,1020.66,1854345.6625183304,0.704176,42.493999,0.0,590.608887,1837985.0,42.653297,62.767647,3.0,102066.0,22.200001,47.652222,22.135284
2022-05-13,20:57:36,20.05,14.9,41.385,1020.64,1871526.1306851504,0.652138,41.384997999999996,0.0,570.2937009999997,1856946.0,41.537308,54.39633900000001,3.0,102064.0,22.049999,42.573433,21.985285
2022-05-13,21:02:36,20.12,14.89,42.629,1020.64,1876161.4883719613,0.649828,42.629002,0.0,569.354919,1862069.0,42.809982,54.101337,3.0,102064.0,22.120001,42.33873,22.055296
2022-05-13,21:07:37,20.05,14.87,41.229,1020.66,1883157.738305921,0.640092,41.229,0.0,565.3605349999998,1869806.0,41.404362,52.51744100000001,3.0,102066.0,22.049999,41.340134,21.985292
2022-05-13,21:12:37,19.94,14.8,41.483999999999995,1020.71,1883157.738305921,0.617414,41.484001,0.0,555.815186,1869806.0,41.679131,48.578857,3.0,102071.0,21.940001,38.953793,21.875307
2022-05-13,21:17:38,19.88,14.8,43.578,1020.77,1853211.5064344588,0.649208,43.577999,0.0,569.102539,1836735.0,43.740982,54.290046999999994,3.0,102077.0,21.879998999999998,42.275627,21.815294
2022-05-13,21:22:38,19.91,14.74,44.144,1020.81,1827503.5125065104,0.680188,44.144001,0.0,581.4377440000002,1808439.0,44.350182,59.63596,3.0,102081.0,21.91,45.359428,21.845299
2022-05-13,21:27:38,19.77,14.65,41.855,1020.83,1883157.738305921,0.691002,41.855,0.0,585.61145,1869806.0,42.021225,61.534012,3.0,102083.0,21.77,46.402863,21.705284
2022-05-13,21:32:39,19.71,14.45,41.903999999999996,1020.83,1876161.4883719613,0.654308,41.903999,0.0,571.172729,1862069.0,42.095768,55.474792,3.0,102083.0,21.709999,42.79319,21.645283
2022-05-13,21:37:39,19.66,14.35,41.413,1020.87,1900878.791703281,0.671603,41.412997999999995,0.0,578.076599,1889433.0,41.575058,58.545227000000004,3.0,102087.0,21.66,44.51915,21.595297
2022-05-13,21:42:40,19.67,14.28,43.50899999999999,1020.85,1869217.0305421285,0.7002689999999999,43.508999,0.0,589.136475,1854396.0,43.694977,63.427673,3.0,102085.0,21.67,47.284111,21.605295
2022-05-13,21:47:40,19.6,14.24,41.69,1021.0,1898496.738660612,0.668245,41.689999,0.0,576.750305,1886792.0,41.860003999999996,58.200554000000004,3.0,102100.0,21.6,44.187571999999996,21.535294
2022-05-13,21:52:40,19.52,14.18,43.121,1021.09,1877323.9177547656,0.69028,43.120998,0.0,585.334717,1863354.0,43.296535,62.040913,3.0,102109.0,21.52,46.333672,21.455296
2022-05-13,21:57:41,19.52,14.11,43.682,1021.13,1876161.4883719613,0.677434,43.681999,0.0,580.363831,1862069.0,43.819351,60.004051000000004,3.0,102113.0,21.52,45.090961,21.455297
2022-05-13,22:02:41,19.43,14.09,42.34,1021.15,1884328.856013661,0.647142,42.34,0.0,568.258911,1871102.0,42.520245,54.83380500000001,3.0,102115.0,21.43,42.064724,21.365294
2022-05-13,22:07:41,19.32,14.09,43.136,1021.13,1885501.431241911,0.6768270000000001,43.13600200000001,0.0,580.1269530000002,1872399.0,43.319805,60.141865,3.0,102113.0,21.32,45.031731,21.255295
2022-05-13,22:12:42,19.3,13.97,44.361999999999995,1021.13,1854345.6625183304,0.673117,44.361999999999995,0.0,578.672241,1837985.0,44.57233400000001,59.624607,3.0,102113.0,21.299999,44.668053,21.235296
2022-05-13,22:17:42,19.31,13.97,45.039,1021.15,1840826.7424923368,0.699092,45.039001,0.0,588.6914059999998,1823093.0,45.18383,64.169891,3.0,102115.0,21.309998999999998,47.172847999999995,21.245293
2022-05-13,22:22:43,19.25,13.85,45.271,1021.13,1840826.7424923368,0.709446,45.271,0.0,592.581726,1823093.0,45.443497,66.030502,3.0,102113.0,21.25,48.145432,21.185301000000006
2022-05-13,22:27:43,19.19,13.85,45.097,1021.15,1826401.9434612282,0.7281569999999999,45.097,0.0,599.4700320000002,1807229.0,45.263744,69.235504,3.0,102115.0,21.190001000000002,49.867512,21.125298
2022-05-13,22:32:44,19.26,13.72,45.07899999999999,1021.17,1817636.969366941,0.741375,45.078999,0.0,604.2305299999998,1797603.0,45.245441,71.51091,3.0,102117.0,21.26,51.057636,21.195284
2022-05-13,22:37:44,19.35,13.72,46.471,1021.21,1753472.7178683758,0.889882,46.471001,0.0,652.544067,1727447.0,46.635124,93.308075,3.0,102121.0,21.35,63.136013,21.285304999999997
2022-05-13,22:42:44,19.42,13.63,45.845,1021.21,1743383.6945734532,0.891648,45.845001,0.0,653.068848,1716465.0,46.025639,93.776421,3.0,102121.0,21.42,63.26720400000001,21.355289000000006
2022-05-13,22:47:45,19.32,13.6,47.455,1021.25,1696529.0502456725,1.003566,47.455002,0.0,710.8936769999997,1665638.0,47.686707,108.131203,3.0,102125.0,21.32,71.089371,21.255297
2022-05-13,22:52:45,19.36,13.57,47.258,1021.21,1691792.7895556854,0.998674,47.257999,0.0,707.661011,1660517.0,47.446033,107.842209,3.0,102121.0,21.360001,70.766098,21.295296
2022-05-13,22:57:45,19.21,13.52,47.234,1021.15,1704162.4746747608,1.01785,47.234001,0.0,720.243042,1673900.0,47.442848,110.423676,3.0,102115.0,21.209999,72.024307,21.145292
2022-05-13,23:02:46,19.28,13.46,47.516999999999996,1021.21,1686144.0672909552,1.028457,47.516998,0.0,727.101501,1654412.0,47.704185,111.98056,3.0,102121.0,21.280001,72.71015200000002,21.2153
2022-05-13,23:07:46,19.24,13.31,46.702,1021.19,1688022.7788184846,1.029017,46.702,0.0,727.461304,1656442.0,46.898604999999996,112.357651,3.0,102119.0,21.24,72.74613199999997,21.175299
2022-05-13,23:12:47,19.33,13.31,47.106,1021.23,1668502.6970723982,1.070051,47.105999,0.0,753.328552,1635372.0,47.310413,117.406082,3.0,102123.0,21.33,75.33285500000002,21.265295
2022-05-13,23:17:47,19.4,13.31,48.094,1021.23,1636069.6084739175,1.152406,48.094002,0.0,802.378235,1600474.0,48.285919,126.742455,3.0,102123.0,21.4,80.23782299999998,21.335295000000002
2022-05-13,23:22:47,19.37,13.26,47.327,1021.17,1636953.4923936625,1.175625,47.327,0.0,815.574829,1601423.0,47.50798,129.525055,3.0,102117.0,21.370001,81.55748,21.305296
2022-05-13,23:27:48,19.38,13.26,49.435,1021.17,1605723.8640527911,1.280178,49.435001,0.0,871.9368900000003,1567944.0,49.586987,140.35841399999998,3.0,102117.0,21.379998999999998,87.193687,21.315294
2022-05-13,23:32:48,19.37,13.19,48.278999999999996,1021.23,1602327.304793211,1.297151,48.278999,0.0,880.649719,1564311.0,48.474701,142.403091,3.0,102123.0,21.370001,88.064972,21.305288
2022-05-13,23:37:49,19.37,13.19,48.947,1021.23,1589717.177586113,1.334663,48.946999,0.0,899.509033,1550833.0,49.14172,146.351944,3.0,102123.0,21.370001000000002,89.950905,21.305296
2022-05-13,23:42:49,19.35,13.13,48.434,1021.21,1549872.6157356375,1.66796,48.433998,0.0,1046.979248,1508380.0,48.675461,174.41503899999995,3.0,102121.0,21.35,104.697929,21.285295
2022-05-13,23:47:49,19.42,13.06,49.222,1021.23,1397601.9872083205,1.940648,49.222,0.0,1147.148926,1468988.0,49.416958,193.765106,3.0,102123.0,21.42,114.714897,21.355293
2022-05-13,23:52:50,19.3,13.06,49.356,1021.21,1389908.767797285,2.133672,49.355999,0.0,1209.876831,1459459.0,49.540554,206.232635,3.0,102121.0,21.299999,120.987686,21.235292
2022-05-13,23:57:50,19.24,13.05,48.459,1021.21,1396313.8752023126,2.062937,48.459,0.0,1187.5744630000002,1467391.0,48.666428,202.653061,3.0,102121.0,21.24,118.757446,21.175299
